link,latitude,longitude,valor,iptu,condominio,area,quartos,banheiros,suites,vagas
https://www.vivareal.com.br/imovel/apartamento-3-quartos-boa-viagem-bairros-recife-com-garagem-134m2-venda-RS680000-id-2442014783/,-8.127518,-34.898142,R$ 680.000,,R$ 942,134,3,3,1 suíte,1
https://www.vivareal.com.br/imovel/apartamento-4-quartos-boa-viagem-bairros-recife-com-garagem-136m2-venda-RS775000-id-1040378152/,-8.109744,-34.897566,R$ 775.000,,R$ 600,136,4,4,2 suítes,2
https://www.vivareal.com.br/imovel/apartamento-4-quartos-boa-viagem-bairros-recife-com-garagem-167m2-venda-RS1500000-id-2443047791/,-8.1205,-34.898148,R$ 1.500.000,R$ 6.500,R$ 936,167,4,6,4 suítes,3
https://www.vivareal.com.br/imovel/apartamento-3-quartos-boa-viagem-bairros-recife-com-garagem-135m2-venda-RS415000-id-2429151976/,-8.130808,-34.903129,R$ 415.000,R$ 174,R$ 770,135,3,3,1 suíte,1
https://www.vivareal.com.br/imovel/apartamento-3-quartos-boa-viagem-bairros-recife-com-garagem-91m2-venda-RS615000-id-2446047892/,-8.121509,-34.898536,R$ 615.000,Não informado,Não informado,91,3,3,1 suíte,2
https://www.vivareal.com.br/imovel/apartamento-3-quartos-boa-viagem-bairros-recife-com-garagem-150m2-venda-RS550000-id-2440433225/,-8.112511,-34.89226,R$ 550.000,R$ 2.900,R$ 850,150,3,1,,2
https://www.vivareal.com.br/imovel/apartamento-4-quartos-boa-viagem-bairros-recife-com-garagem-130m2-venda-RS650000-id-2445714211/,-8.126113,-34.906701,R$ 650.000,Não informado,Não informado,130,4,4,2 suítes,2
https://www.vivareal.com.br/imoveis-lancamento/morada-pio-ix-7034/,-8.045452,-34.911148,R$ 327.200,,,60,3,2,1 suíte,1
https://www.vivareal.com.br/imovel/apartamento-3-quartos-boa-viagem-bairros-recife-com-garagem-90m2-venda-RS400000-id-2445897685/,-8.106987,-34.887871,R$ 400.000,,R$ 970,90,3,3,1 suíte,1
https://www.vivareal.com.br/imovel/apartamento-2-quartos-boa-viagem-bairros-recife-com-garagem-62m2-venda-RS300000-id-2438118973/,-8.12494,-34.906874,R$ 300.000,R$ 126,R$ 410,62,2,2,1 suíte,1
https://www.vivareal.com.br/imovel/apartamento-2-quartos-boa-viagem-bairros-recife-com-garagem-80m2-venda-RS250000-id-1038464350/,-8.127117,-34.90237,R$ 250.000,R$ 820,R$ 750,80,2,2,1 suíte,1
https://www.vivareal.com.br/imovel/apartamento-3-quartos-boa-viagem-bairros-recife-com-garagem-100m2-venda-RS330000-id-2444899007/,-8.125823,-34.905061,R$ 330.000,,R$ 725,100,3,2,1 suíte,1
https://www.vivareal.com.br/imovel/apartamento-2-quartos-boa-viagem-bairros-recife-com-garagem-47m2-venda-RS276000-id-1040293993/,-8.118685,-34.901205,R$ 276.000,Não informado,Não informado,47,2,2,1 suíte,1
https://www.vivareal.com.br/imovel/apartamento-3-quartos-boa-viagem-bairros-recife-com-garagem-130m2-venda-RS700000-id-92779907/,-8.14556,-34.905945,R$ 700.000,R$ 1.500,R$ 1.000,130,3,2,1 suíte,1
https://www.vivareal.com.br/imoveis-lancamento/edificio-praca-das-acacias-1039022851/,-8.048981,-34.895194,R$ 279.000,,,48,2,1,1 suíte,1
https://www.vivareal.com.br/imovel/apartamento-2-quartos-boa-viagem-bairros-recife-com-garagem-82m2-venda-RS460000-id-94152499/,-8.140113,-34.904222,R$ 460.000,R$ 1.200,R$ 880,82,2,,,1
https://www.vivareal.com.br/imovel/apartamento-2-quartos-boa-viagem-bairros-recife-com-garagem-55m2-venda-RS449000-id-1040825063/,-8.113876,-34.899148,R$ 449.000,Não informado,Não informado,55,2,2,1 suíte,1
https://www.vivareal.com.br/imovel/apartamento-3-quartos-boa-viagem-bairros-recife-com-garagem-97m2-venda-RS635000-id-1040823586/,-8.114722,-34.901409,R$ 635.000,Não informado,Não informado,97,3,3,1 suíte,2
https://www.vivareal.com.br/imovel/apartamento-4-quartos-boa-viagem-bairros-recife-com-garagem-178m2-venda-RS1400000-id-2443911773/,-8.101466,-34.886339,R$ 1.400.000,Não informado,Não informado,178,4,4,3 suítes,3
https://www.vivareal.com.br/imovel/apartamento-3-quartos-boa-viagem-bairros-recife-com-garagem-110m2-venda-RS570000-id-2439058294/,-34.906818,-8.120417,R$ 570.000,,R$ 820,110,3,2,1 suíte,2
https://www.vivareal.com.br/imovel/apartamento-4-quartos-boa-viagem-bairros-recife-com-garagem-180m2-venda-RS990000-id-2439800918/,-8.098346,-34.884798,R$ 990.000,R$ 300,R$ 1.200,180,4,4,2 suítes,3
https://www.vivareal.com.br/imovel/apartamento-3-quartos-boa-viagem-bairros-recife-com-garagem-220m2-venda-RS1000000-id-2444836405/,-8.107892,-34.888366,R$ 1.000.000,Não informado,Não informado,220,3,1,3 suítes,2
https://www.vivareal.com.br/imovel/apartamento-3-quartos-boa-viagem-bairros-recife-com-garagem-130m2-venda-RS470000-id-1042713555/,-8.134185,-34.904103,R$ 470.000,,R$ 1.100,130,3,3,1 suíte,1
https://www.vivareal.com.br/imoveis-lancamento/reserva-villa-natal-pitangueiras-8181/,-8.110621,-35.000408,R$ 144.170,,,43,2,1,,1
https://www.vivareal.com.br/imovel/apartamento-3-quartos-boa-viagem-bairros-recife-com-garagem-84m2-venda-RS730000-id-2444200192/,-8.115011,-34.898948,R$ 730.000,R$ 2.500,R$ 490,84,3,3,1 suíte,2
https://www.vivareal.com.br/imovel/apartamento-4-quartos-boa-viagem-bairros-recife-com-garagem-124m2-venda-RS720801-id-1041068044/,-8.11681,-34.897658,R$ 720.801,Não informado,Não informado,124,4,4,2 suítes,3
https://www.vivareal.com.br/imovel/apartamento-3-quartos-boa-viagem-bairros-recife-com-garagem-84m2-venda-RS300000-id-1536495479/,-8.122435,-34.899785,R$ 300.000,,R$ 475,84,3,2,1 suíte,1
https://www.vivareal.com.br/imovel/apartamento-3-quartos-boa-viagem-bairros-recife-com-garagem-69m2-venda-RS350000-id-2445798951/,-8.137974,-34.909351,R$ 350.000,Não informado,Não informado,69,3,1,1 suíte,1
https://www.vivareal.com.br/imovel/apartamento-3-quartos-boa-viagem-bairros-recife-com-garagem-63m2-venda-RS430000-id-2445714301/,-8.133595,-34.90904,R$ 430.000,Não informado,Não informado,63,3,3,1 suíte,1
https://www.vivareal.com.br/imovel/apartamento-3-quartos-boa-viagem-bairros-recife-com-garagem-95m2-venda-RS600000-id-2436272290/,-8.11681,-34.897658,R$ 600.000,Não informado,Não informado,95,3,3,1 suíte,2
https://www.vivareal.com.br/imoveis-lancamento/morada-larga-do-feitosa-7035/,-8.035846,-34.885773,R$ 396.300,,,51,3,2,1 suíte,1
https://www.vivareal.com.br/imovel/apartamento-4-quartos-boa-viagem-bairros-recife-com-garagem-163m2-venda-RS460000-id-2446507792/,-8.120762,-34.896941,R$ 460.000,Não informado,Não informado,163,4,2,1 suíte,1
https://www.vivareal.com.br/imovel/apartamento-4-quartos-boa-viagem-bairros-recife-com-garagem-189m2-venda-RS900000-id-2436871286/,-8.120548,-34.89638,R$ 900.000,Não informado,Não informado,189,4,2,2 suítes,2
https://www.vivareal.com.br/imovel/apartamento-3-quartos-boa-viagem-bairros-recife-com-garagem-93m2-venda-RS607000-id-1040505443/,-8.141072,-34.908892,R$ 607.000,,R$ 500,93,3,3,1 suíte,2
https://www.vivareal.com.br/imovel/apartamento-3-quartos-boa-viagem-bairros-recife-com-garagem-108m2-venda-RS850000-id-2447194506/,-8.114722,-34.896452,R$ 850.000,Não informado,Não informado,108,3,3,1 suíte,2
https://www.vivareal.com.br/imovel/apartamento-3-quartos-boa-viagem-bairros-recife-com-garagem-74m2-venda-RS360000-id-2446046482/,-8.125384,-34.908608,R$ 360.000,R$ 1.600,R$ 450,74,3,2,1 suíte,1
https://www.vivareal.com.br/imovel/apartamento-3-quartos-boa-viagem-bairros-recife-com-garagem-113m2-venda-RS299000-id-2444040689/,-8.116811,-34.893224,R$ 299.000,Não informado,Não informado,113,3,3,1 suíte,1
https://www.vivareal.com.br/imovel/apartamento-4-quartos-boa-viagem-bairros-recife-com-garagem-164m2-venda-RS1250000-id-1037922152/,-8.12026,-34.898174,R$ 1.250.000,R$ 5.500,R$ 950,164,4,5,4 suítes,3
https://www.vivareal.com.br/imovel/apartamento-3-quartos-boa-viagem-bairros-recife-com-garagem-120m2-venda-RS680000-id-2436407893/,-8.114849,-34.89194,R$ 680.000,R$ 2.000,R$ 1.100,120,3,2,1 suíte,2
https://www.vivareal.com.br/imoveis-lancamento/morada-das-ubaias-7031/,-8.03064,-34.919149,R$ 452.600,,,59,3,2,1 suíte,2
https://www.vivareal.com.br/imovel/apartamento-3-quartos-boa-viagem-bairros-recife-com-garagem-110m2-venda-RS540000-id-2446112080/,-8.11011,-34.894338,R$ 540.000,,R$ 1.200,110,3,2,1 suíte,1
https://www.vivareal.com.br/imovel/apartamento-3-quartos-boa-viagem-bairros-recife-89m2-venda-RS550000-id-2445772721/,-8.126162,-34.908747,R$ 550.000,R$ 2.000,R$ 500,89,3,3,1 suíte,
https://www.vivareal.com.br/imovel/apartamento-3-quartos-boa-viagem-bairros-recife-com-garagem-70m2-venda-RS319000-id-2439050978/,-34.908231,-8.145382,R$ 319.000,,R$ 549,70,3,2,,1
https://www.vivareal.com.br/imovel/apartamento-1-quartos-boa-viagem-bairros-recife-com-garagem-45m2-venda-RS280000-id-2446201340/,-8.098272,-34.884483,R$ 280.000,Não informado,Não informado,45,1,2,1 suíte,1
https://www.vivareal.com.br/imovel/apartamento-1-quartos-boa-viagem-bairros-recife-com-garagem-49m2-venda-RS255000-id-2432045980/,-8.117739,-34.896352,R$ 255.000,R$ 110,R$ 406,49,1,1,,1
https://www.vivareal.com.br/imovel/apartamento-1-quartos-boa-viagem-bairros-recife-com-garagem-48m2-venda-RS390000-id-2444753576/,-8.147208,-34.908238,R$ 390.000,Não informado,Não informado,48,1,1,1 suíte,1
https://www.vivareal.com.br/imoveis-lancamento/edf-praca-das-casuarinas-2431690484/,-8.031025,-34.896015,R$ 342.000,,,61,3,1,1 suíte,1
https://www.vivareal.com.br/imovel/apartamento-4-quartos-boa-viagem-bairros-recife-com-garagem-185m2-venda-RS1250000-id-2437198718/,-8.116937,-34.89949,R$ 1.250.000,R$ 5.000,R$ 1.000,185,4,5,4 suítes,3
https://www.vivareal.com.br/imovel/apartamento-2-quartos-boa-viagem-bairros-recife-com-garagem-52m2-venda-RS249900-id-1042207652/,-8.122004,-34.905281,R$ 249.900,R$ 1.000,R$ 270,52,2,1,1 suíte,1
https://www.vivareal.com.br/imovel/apartamento-4-quartos-boa-viagem-bairros-recife-com-garagem-137m2-venda-RS770000-id-1039683608/,-8.107489,-34.893042,R$ 770.000,R$ 3.000,R$ 730,137,4,5,4 suítes,2
https://www.vivareal.com.br/imovel/apartamento-4-quartos-boa-viagem-bairros-recife-com-garagem-400m2-venda-RS3000000-id-2165655481/,-8.120156,-34.894884,R$ 3.000.000,R$ 10.000,R$ 3.500,400,4,6,4 suítes,3
https://www.vivareal.com.br/imovel/apartamento-3-quartos-boa-viagem-bairros-recife-com-garagem-82m2-venda-RS700000-id-2445713807/,-8.115011,-34.898948,R$ 700.000,Não informado,Não informado,82,3,3,1 suíte,2
https://www.vivareal.com.br/imovel/apartamento-4-quartos-boa-viagem-bairros-recife-com-garagem-200m2-venda-RS850000-id-80139119/,-8.139524,-34.905679,R$ 850.000,R$ 360,R$ 1.020,200,4,5,3 suítes,2
https://www.vivareal.com.br/imovel/apartamento-3-quartos-boa-viagem-bairros-recife-com-garagem-130m2-venda-RS650000-id-2441934505/,-8.137574,-34.902198,R$ 650.000,Não informado,Não informado,130,3,3,1 suíte,1
https://www.vivareal.com.br/imovel/apartamento-4-quartos-boa-viagem-bairros-recife-com-garagem-189m2-venda-RS1820000-id-2439047690/,-8.149849,-34.909347,R$ 1.820.000,Não informado,Não informado,189,4,7,4 suítes,3
https://www.vivareal.com.br/imoveis-lancamento/parque-recanto-do-sol-8166/,-8.06822,-34.99931,R$ 155.000,,,42,2,1,,1
https://www.vivareal.com.br/imovel/apartamento-3-quartos-boa-viagem-bairros-recife-com-garagem-134m2-venda-RS700000-id-1042793145/,-8.114586,-34.896114,R$ 700.000,R$ 320,R$ 1.450,134,3,2,1 suíte,2
https://www.vivareal.com.br/imovel/apartamento-4-quartos-boa-viagem-bairros-recife-com-garagem-146m2-venda-RS950000-id-2435026992/,-8.109095,-34.896111,R$ 950.000,Não informado,Não informado,146,4,4,2 suítes,2
https://www.vivareal.com.br/imovel/apartamento-3-quartos-boa-viagem-bairros-recife-com-garagem-108m2-venda-RS700000-id-2445795944/,-8.118809,-34.899182,R$ 700.000,R$ 3.400,R$ 856,108,3,2,1 suíte,2
https://www.vivareal.com.br/imovel/apartamento-2-quartos-boa-viagem-bairros-recife-com-garagem-47m2-venda-RS277000-id-94870388/,-8.133538,-34.909993,R$ 277.000,,R$ 354,47,2,2,,1
https://www.vivareal.com.br/imovel/apartamento-3-quartos-boa-viagem-bairros-recife-com-garagem-88m2-venda-RS550000-id-1040725417/,-8.109538,-34.892639,R$ 550.000,,R$ 500,88,3,3,1 suíte,2
https://www.vivareal.com.br/imovel/apartamento-2-quartos-boa-viagem-bairros-recife-com-garagem-45m2-venda-RS320000-id-2443653877/,-34.89832,-8.111381,R$ 320.000,,R$ 300,45,2,2,1 suíte,1
https://www.vivareal.com.br/imoveis-lancamento/morada-nereu-guerra-7032/,-8.025672,-34.915056,R$ 359.000,,,50,2,2,1 suíte,1
https://www.vivareal.com.br/imovel/apartamento-2-quartos-boa-viagem-bairros-recife-com-garagem-59m2-venda-RS502000-id-1040596248/,-8.109342,-34.898112,R$ 502.000,,R$ 400,59,2,2,1 suíte,1
https://www.vivareal.com.br/imovel/apartamento-2-quartos-boa-viagem-bairros-recife-com-garagem-58m2-venda-RS430000-id-2443775232/,-8.144381,-34.905904,R$ 430.000,,R$ 370,58,2,2,1 suíte,1
https://www.vivareal.com.br/imovel/apartamento-1-quartos-boa-viagem-bairros-recife-com-garagem-45m2-venda-RS285000-id-2446201342/,-8.098272,-34.884483,R$ 285.000,Não informado,Não informado,45,1,2,1 suíte,1
https://www.vivareal.com.br/imovel/apartamento-2-quartos-boa-viagem-bairros-recife-com-garagem-63m2-venda-RS290000-id-2446111993/,-8.124343,-34.907404,R$ 290.000,,R$ 540,63,2,2,1 suíte,1
https://www.vivareal.com.br/imovel/apartamento-1-quartos-boa-viagem-bairros-recife-com-garagem-32m2-venda-RS280000-id-93880633/,-8.119679,-34.895654,R$ 280.000,R$ 99,R$ 710,32,1,1,,1
https://www.vivareal.com.br/imovel/apartamento-4-quartos-boa-viagem-bairros-recife-com-garagem-185m2-venda-RS1600000-id-2445889856/,-8.116937,-34.89949,R$ 1.600.000,R$ 3.000,R$ 700,185,4,7,4 suítes,3
https://www.vivareal.com.br/imovel/apartamento-3-quartos-boa-viagem-bairros-recife-com-garagem-100m2-venda-RS850000-id-2443179477/,-34.901409,-8.114722,R$ 850.000,,R$ 450,100,3,1,1 suíte,2
https://www.vivareal.com.br/imovel/apartamento-3-quartos-boa-viagem-bairros-recife-com-garagem-126m2-venda-RS400000-id-2430000186/,-8.124442,-34.899102,R$ 400.000,,R$ 1.050,126,3,3,1 suíte,1
https://www.vivareal.com.br/imovel/apartamento-3-quartos-boa-viagem-bairros-recife-com-garagem-100m2-venda-RS460000-id-2444637514/,-34.906365,-8.141986,R$ 460.000,,R$ 730,100,3,1,1 suíte,1
https://www.vivareal.com.br/imovel/apartamento-2-quartos-boa-viagem-bairros-recife-com-garagem-83m2-venda-RS510000-id-1041699394/,-8.130087,-34.906507,R$ 510.000,R$ 140,R$ 600,83,2,3,1 suíte,2
https://www.vivareal.com.br/imovel/apartamento-4-quartos-boa-viagem-bairros-recife-com-garagem-150m2-venda-RS950000-id-2446826934/,-8.100434,-34.885911,R$ 950.000,R$ 456,R$ 1.100,150,4,1,4 suítes,2
https://www.vivareal.com.br/imovel/apartamento-3-quartos-boa-viagem-bairros-recife-com-garagem-85m2-venda-RS430000-id-94184031/,-8.128617,-34.903254,R$ 430.000,R$ 1.400,R$ 530,85,3,,,1
https://www.vivareal.com.br/imovel/apartamento-1-quartos-boa-viagem-bairros-recife-com-garagem-218m2-venda-RS2200000-id-2447212118/,-8.10576,-34.887712,R$ 2.200.000,,R$ 1.500,218,1,5,4 suítes,3
https://www.vivareal.com.br/imovel/apartamento-3-quartos-boa-viagem-bairros-recife-com-garagem-125m2-venda-RS355000-id-2446112178/,-8.13482,-34.90601,R$ 355.000,Não informado,Não informado,125,3,3,,2
https://www.vivareal.com.br/imovel/apartamento-4-quartos-boa-viagem-bairros-recife-com-garagem-235m2-venda-RS2888000-id-82164192/,-8.126543,-34.897662,R$ 2.888.000,Não informado,Não informado,235,4,6,4 suítes,4
https://www.vivareal.com.br/imovel/apartamento-4-quartos-boa-viagem-bairros-recife-com-garagem-168m2-venda-RS600000-id-2439901603/,-8.134478,-34.903404,R$ 600.000,,R$ 897,168,4,3,1 suíte,2
https://www.vivareal.com.br/imovel/apartamento-2-quartos-boa-viagem-bairros-recife-com-garagem-69m2-venda-RS320000-id-2445558992/,-8.109679,-34.892804,R$ 320.000,R$ 2.000,R$ 800,69,2,1,1 suíte,1
https://www.vivareal.com.br/imovel/apartamento-3-quartos-boa-viagem-bairros-recife-com-garagem-98m2-venda-RS593000-id-2439285991/,-8.120147,-34.899576,R$ 593.000,Não informado,Não informado,98,3,3,1 suíte,2
https://www.vivareal.com.br/imovel/apartamento-4-quartos-boa-viagem-bairros-recife-com-garagem-260m2-venda-RS1350000-id-2430171286/,-8.119763,-34.895606,R$ 1.350.000,,R$ 2.100,260,4,5,3 suítes,2
https://www.vivareal.com.br/imovel/apartamento-3-quartos-boa-viagem-bairros-recife-com-garagem-78m2-venda-RS350000-id-1871745479/,-34.905802,-8.138135,R$ 350.000,,R$ 750,78,3,1,1 suíte,1
https://www.vivareal.com.br/imovel/apartamento-3-quartos-boa-viagem-bairros-recife-com-garagem-70m2-venda-RS290000-id-81299635/,-8.126275,-34.908185,R$ 290.000,R$ 1.500,R$ 380,70,3,1,1 suíte,1
https://www.vivareal.com.br/imovel/apartamento-3-quartos-boa-viagem-bairros-recife-93m2-venda-RS545000-id-2441025894/,-8.140683,-34.909545,R$ 545.000,Não informado,Não informado,93,3,1,1 suíte,
https://www.vivareal.com.br/imovel/apartamento-3-quartos-boa-viagem-bairros-recife-com-garagem-94m2-venda-RS240000-id-2446443202/,-8.125072,-34.900199,R$ 240.000,R$ 1.400,R$ 600,94,3,2,,1
https://www.vivareal.com.br/imovel/apartamento-4-quartos-boa-viagem-bairros-recife-com-garagem-158m2-venda-RS950000-id-91902774/,-34.898497,-8.110876,R$ 950.000,Não informado,Não informado,158,4,4,3 suítes,3
https://www.vivareal.com.br/imovel/apartamento-4-quartos-boa-viagem-bairros-recife-com-garagem-213m2-venda-RS1500000-id-2443300195/,-8.136166,-34.902716,R$ 1.500.000,,R$ 900,213,4,4,2 suítes,3
https://www.vivareal.com.br/imovel/apartamento-4-quartos-boa-viagem-bairros-recife-com-garagem-185m2-venda-RS1250000-id-2445791201/,-8.116937,-34.89949,R$ 1.250.000,,R$ 750,185,4,5,4 suítes,3
https://www.vivareal.com.br/imovel/apartamento-2-quartos-boa-viagem-bairros-recife-com-garagem-52m2-venda-RS370000-id-2444400179/,-8.144872,-34.905565,R$ 370.000,Não informado,Não informado,52,2,2,1 suíte,1
https://www.vivareal.com.br/imovel/apartamento-2-quartos-boa-viagem-bairros-recife-com-garagem-52m2-venda-RS267750-id-2439047691/,-8.122004,-34.905281,R$ 267.750,,R$ 300,52,2,2,1 suíte,1
https://www.vivareal.com.br/imovel/apartamento-2-quartos-boa-viagem-bairros-recife-com-garagem-47m2-venda-RS275900-id-2440804225/,-8.133507,-34.909954,R$ 275.900,,R$ 370,47,2,2,1 suíte,1
https://www.vivareal.com.br/imovel/apartamento-4-quartos-boa-viagem-bairros-recife-com-garagem-230m2-venda-RS1400000-id-2431550893/,-8.111428,-34.890973,R$ 1.400.000,R$ 7.350,R$ 2.000,230,4,3,2 suítes,3
https://www.vivareal.com.br/imovel/apartamento-4-quartos-boa-viagem-bairros-recife-com-garagem-132m2-venda-RS1286000-id-78529477/,-8.11456,-34.901749,R$ 1.286.000,R$ 3.000,R$ 700,132,4,4,2 suítes,3
https://www.vivareal.com.br/imovel/apartamento-2-quartos-boa-viagem-bairros-recife-com-garagem-53m2-venda-RS500000-id-2445441618/,-8.113062,-34.899225,R$ 500.000,Não informado,Não informado,53,2,2,1 suíte,1
https://www.vivareal.com.br/imovel/apartamento-3-quartos-boa-viagem-bairros-recife-com-garagem-104m2-venda-RS569000-id-2441750774/,-34.905766,-8.141537,R$ 569.000,,R$ 750,104,3,1,1 suíte,2
https://www.vivareal.com.br/imovel/apartamento-3-quartos-boa-viagem-bairros-recife-com-garagem-130m2-venda-RS550000-id-2431553491/,-8.137574,-34.902198,R$ 550.000,R$ 208,R$ 1.270,130,3,3,1 suíte,1
https://www.vivareal.com.br/imovel/apartamento-3-quartos-boa-viagem-bairros-recife-com-garagem-110m2-venda-RS350000-id-95072574/,-8.11993,-34.897162,R$ 350.000,,R$ 600,110,3,2,1 suíte,1
https://www.vivareal.com.br/imovel/apartamento-2-quartos-boa-viagem-bairros-recife-com-garagem-57m2-venda-RS299000-id-2388585479/,-8.13069,-34.909839,R$ 299.000,,R$ 360,57,2,2,1 suíte,1
https://www.vivareal.com.br/imovel/apartamento-4-quartos-boa-viagem-bairros-recife-com-garagem-145m2-venda-RS850000-id-1039463746/,-8.118376,-34.896792,R$ 850.000,R$ 2.800,R$ 900,145,4,4,2 suítes,2
https://www.vivareal.com.br/imovel/apartamento-3-quartos-boa-viagem-bairros-recife-com-garagem-107m2-venda-RS867000-id-1040376719/,-8.109342,-34.898112,R$ 867.000,,R$ 400,107,3,3,1 suíte,2
https://www.vivareal.com.br/imovel/apartamento-3-quartos-boa-viagem-bairros-recife-com-garagem-132m2-venda-RS690000-id-2432029578/,-8.120204,-34.899699,R$ 690.000,R$ 356,R$ 1.050,132,3,5,3 suítes,2
https://www.vivareal.com.br/imovel/apartamento-3-quartos-boa-viagem-bairros-recife-com-garagem-100m2-venda-RS550000-id-2430515978/,-8.141042,-34.904704,R$ 550.000,R$ 1.800,R$ 900,100,3,3,1 suíte,2
https://www.vivareal.com.br/imovel/apartamento-4-quartos-boa-viagem-bairros-recife-com-garagem-150m2-venda-RS750000-id-85873244/,-8.139184,-34.903473,R$ 750.000,R$ 3.800,R$ 1.700,150,4,4,2 suítes,2
https://www.vivareal.com.br/imovel/apartamento-4-quartos-boa-viagem-bairros-recife-com-garagem-100m2-venda-RS360000-id-2445524225/,-8.126271,-34.903793,R$ 360.000,Não informado,Não informado,100,4,3,1 suíte,1
https://www.vivareal.com.br/imovel/apartamento-4-quartos-boa-viagem-bairros-recife-com-garagem-136m2-venda-RS810000-id-2436274081/,-8.108993,-34.896935,R$ 810.000,Não informado,Não informado,136,4,4,2 suítes,2
https://www.vivareal.com.br/imovel/apartamento-4-quartos-boa-viagem-bairros-recife-com-garagem-163m2-venda-RS700000-id-2446494000/,-8.120762,-34.896941,R$ 700.000,Não informado,Não informado,163,4,2,1 suíte,1
https://www.vivareal.com.br/imovel/apartamento-3-quartos-boa-viagem-bairros-recife-com-garagem-71m2-venda-RS380000-id-2438900979/,-34.907197,-8.142668,R$ 380.000,R$ 152,R$ 600,71,3,2,1 suíte,1
https://www.vivareal.com.br/imovel/apartamento-4-quartos-boa-viagem-bairros-recife-com-garagem-145m2-venda-RS700000-id-2432300187/,-8.116143,-34.893404,R$ 700.000,R$ 1.671,R$ 900,145,4,3,2 suítes,1
https://www.vivareal.com.br/imovel/apartamento-3-quartos-boa-viagem-bairros-recife-com-garagem-190m2-venda-RS1200000-id-2435210886/,-8.129906,-34.899576,R$ 1.200.000,R$ 630,R$ 1.150,190,3,3,3 suítes,3
https://www.vivareal.com.br/imovel/apartamento-4-quartos-boa-viagem-bairros-recife-com-garagem-220m2-venda-RS1200000-id-2435737685/,-8.119437,-34.895478,R$ 1.200.000,,R$ 1.100,220,4,5,4 suítes,2
https://www.vivareal.com.br/imovel/apartamento-4-quartos-boa-viagem-bairros-recife-com-garagem-128m2-venda-RS500000-id-2446110676/,-8.137376,-34.904218,R$ 500.000,Não informado,Não informado,128,4,3,1 suíte,1
https://www.vivareal.com.br/imovel/apartamento-3-quartos-boa-viagem-bairros-recife-com-garagem-61m2-venda-RS457000-id-1040550855/,-8.12593,-34.904411,R$ 457.000,,R$ 400,61,3,2,1 suíte,1
https://www.vivareal.com.br/imovel/apartamento-1-quartos-boa-viagem-bairros-recife-com-garagem-36m2-venda-RS240000-id-2443917822/,-8.120302,-34.897334,R$ 240.000,Não informado,Não informado,36,1,1,,1
https://www.vivareal.com.br/imovel/apartamento-3-quartos-boa-viagem-bairros-recife-com-garagem-175m2-venda-RS700000-id-2446730248/,,,R$ 700.000,Não informado,Não informado,175,3,3,1 suíte,2
https://www.vivareal.com.br/imovel/apartamento-2-quartos-boa-viagem-bairros-recife-com-garagem-35m2-venda-RS320000-id-2446111992/,-8.119679,-34.895654,R$ 320.000,Não informado,Não informado,35,2,2,1 suíte,1
https://www.vivareal.com.br/imovel/apartamento-2-quartos-boa-viagem-bairros-recife-com-garagem-59m2-venda-RS350000-id-2442953398/,-8.109175,-34.897957,R$ 350.000,Não informado,Não informado,59,2,1,1 suíte,1
https://www.vivareal.com.br/imovel/apartamento-3-quartos-boa-viagem-bairros-recife-com-garagem-109m2-venda-RS590000-id-2165705481/,-8.125518,-34.903362,R$ 590.000,R$ 2.500,R$ 805,109,3,3,1 suíte,2
https://www.vivareal.com.br/imovel/apartamento-3-quartos-boa-viagem-bairros-recife-com-garagem-81m2-venda-RS610000-id-1296255502/,-8.112923,-34.901114,R$ 610.000,,R$ 500,81,3,3,1 suíte,2
https://www.vivareal.com.br/imovel/apartamento-3-quartos-boa-viagem-bairros-recife-com-garagem-120m2-venda-RS500000-id-2430577991/,-8.141553,-34.906714,R$ 500.000,R$ 1.500,R$ 950,120,3,2,1 suíte,1
https://www.vivareal.com.br/imovel/apartamento-4-quartos-boa-viagem-bairros-recife-com-garagem-236m2-venda-RS1100000-id-45449858/,-8.09885,-34.884766,R$ 1.100.000,R$ 4.000,,236,4,4,3 suítes,3
https://www.vivareal.com.br/imovel/apartamento-4-quartos-boa-viagem-bairros-recife-com-garagem-154m2-venda-RS700000-id-2431731273/,-8.139185,-34.904623,R$ 700.000,R$ 3.100,R$ 1.300,154,4,4,1 suíte,2
https://www.vivareal.com.br/imovel/apartamento-3-quartos-boa-viagem-bairros-recife-com-garagem-98m2-venda-RS570000-id-2445801602/,-34.898363,-8.113002,R$ 570.000,,R$ 750,98,3,3,1 suíte,2
https://www.vivareal.com.br/imovel/apartamento-2-quartos-boa-viagem-bairros-recife-com-garagem-80m2-venda-RS250000-id-2446111995/,-8.127117,-34.90237,R$ 250.000,Não informado,Não informado,80,2,2,1 suíte,1
https://www.vivareal.com.br/imovel/apartamento-3-quartos-boa-viagem-bairros-recife-com-garagem-62m2-venda-RS350000-id-2446112082/,-8.126162,-34.908747,R$ 350.000,,R$ 370,62,3,2,1 suíte,1
https://www.vivareal.com.br/imovel/apartamento-3-quartos-boa-viagem-bairros-recife-com-garagem-98m2-venda-RS600000-id-2430519174/,-8.126543,-34.897662,R$ 600.000,R$ 2.500,R$ 700,98,3,3,1 suíte,2
https://www.vivareal.com.br/imovel/apartamento-3-quartos-boa-viagem-bairros-recife-com-garagem-61m2-venda-RS320000-id-1042177600/,-34.906874,-8.12494,R$ 320.000,,R$ 390,61,3,1,1 suíte,1
https://www.vivareal.com.br/imovel/apartamento-3-quartos-boa-viagem-bairros-recife-com-garagem-62m2-venda-RS400000-id-1042570343/,-8.114403,-34.895476,R$ 400.000,,R$ 415,62,3,1,1 suíte,1
https://www.vivareal.com.br/imovel/apartamento-3-quartos-boa-viagem-bairros-recife-com-garagem-130m2-venda-RS449000-id-2431424378/,-8.139647,-34.90546,R$ 449.000,R$ 3.400,R$ 1.200,130,3,3,1 suíte,2
https://www.vivareal.com.br/imovel/apartamento-3-quartos-boa-viagem-bairros-recife-com-garagem-142m2-venda-RS420000-id-2434994976/,-8.116514,-34.900041,R$ 420.000,R$ 1.800,R$ 700,142,3,2,1 suíte,1
https://www.vivareal.com.br/imovel/apartamento-3-quartos-boa-viagem-bairros-recife-com-garagem-110m2-venda-RS490000-id-2447324994/,-8.125743,-34.90805,R$ 490.000,,R$ 950,110,3,3,1 suíte,2
https://www.vivareal.com.br/imovel/apartamento-2-quartos-boa-viagem-bairros-recife-com-garagem-61m2-venda-RS320000-id-2441025601/,-8.12494,-34.906874,R$ 320.000,Não informado,Não informado,61,2,1,1 suíte,1
https://www.vivareal.com.br/imovel/apartamento-3-quartos-boa-viagem-bairros-recife-com-garagem-104m2-venda-RS650000-id-2443342719/,-34.906251,-8.140695,R$ 650.000,R$ 2.600,R$ 800,104,3,1,1 suíte,2
https://www.vivareal.com.br/imovel/apartamento-3-quartos-boa-viagem-bairros-recife-com-garagem-100m2-venda-RS650000-id-2433399521/,-8.114697,-34.901839,R$ 650.000,,R$ 600,100,3,3,1 suíte,2
https://www.vivareal.com.br/imovel/apartamento-3-quartos-boa-viagem-bairros-recife-com-garagem-60m2-venda-RS329000-id-2438301128/,-8.139068,-34.908992,R$ 329.000,,R$ 400,60,3,1,1 suíte,1
https://www.vivareal.com.br/imovel/apartamento-5-quartos-boa-viagem-bairros-recife-com-garagem-180m2-venda-RS1050000-id-2445027502/,-8.126271,-34.903793,R$ 1.050.000,Não informado,Não informado,180,5,3,1 suíte,2
https://www.vivareal.com.br/imovel/apartamento-3-quartos-boa-viagem-bairros-recife-com-garagem-110m2-venda-RS850000-id-1040956105/,-8.146475,-34.906581,R$ 850.000,R$ 2.500,R$ 1.250,110,3,3,1 suíte,2
https://www.vivareal.com.br/imovel/apartamento-3-quartos-boa-viagem-bairros-recife-com-garagem-190m2-venda-RS780000-id-2435347781/,-8.138424,-34.904389,R$ 780.000,R$ 3.600,R$ 1.350,190,3,3,1 suíte,2
https://www.vivareal.com.br/imovel/apartamento-4-quartos-boa-viagem-bairros-recife-com-garagem-163m2-venda-RS1330000-id-2445790093/,-8.110381,-34.895605,R$ 1.330.000,Não informado,Não informado,163,4,5,3 suítes,3
https://www.vivareal.com.br/imovel/apartamento-4-quartos-boa-viagem-bairros-recife-com-garagem-265m2-venda-RS2000000-id-2445558833/,-8.159529,-34.911184,R$ 2.000.000,,R$ 1.500,265,4,5,3 suítes,2
https://www.vivareal.com.br/imovel/apartamento-4-quartos-boa-viagem-bairros-recife-com-garagem-401m2-venda-RS5000000-id-72250194/,-8.132909,-34.900405,R$ 5.000.000,,R$ 3.000,401,4,5,4 suítes,5
https://www.vivareal.com.br/imovel/apartamento-4-quartos-boa-viagem-bairros-recife-com-garagem-431m2-venda-RS1200000-id-2437073079/,-8.11448,-34.892636,R$ 1.200.000,,R$ 1.100,431,4,5,3 suítes,3
https://www.vivareal.com.br/imovel/apartamento-3-quartos-boa-viagem-bairros-recife-com-garagem-135m2-venda-RS630000-id-1038937708/,-8.126405,-34.904267,R$ 630.000,R$ 2.300,R$ 850,135,3,3,1 suíte,2
https://www.vivareal.com.br/imovel/apartamento-2-quartos-boa-viagem-bairros-recife-com-garagem-77m2-venda-RS520000-id-1385825478/,-8.110091,-34.898818,R$ 520.000,R$ 1.930,R$ 508,77,2,3,1 suíte,1
https://www.vivareal.com.br/imovel/apartamento-1-quartos-boa-viagem-bairros-recife-com-garagem-29m2-venda-RS260000-id-2429927702/,-8.094541,-34.883581,R$ 260.000,Não informado,Não informado,29,1,1,,1
https://www.vivareal.com.br/imovel/apartamento-5-quartos-boa-viagem-bairros-recife-com-garagem-180m2-venda-RS800000-id-2446394454/,-34.901861,-8.12728,R$ 800.000,Não informado,Não informado,180,5,4,2 suítes,2
https://www.vivareal.com.br/imovel/apartamento-3-quartos-boa-viagem-bairros-recife-105m2-venda-RS650000-id-2437936575/,-8.140695,-34.906251,R$ 650.000,Não informado,Não informado,105,3,2,1 suíte,
https://www.vivareal.com.br/imovel/apartamento-3-quartos-boa-viagem-bairros-recife-com-garagem-81m2-venda-RS625000-id-2445888622/,-8.114079,-34.898062,R$ 625.000,Não informado,Não informado,81,3,3,1 suíte,2
https://www.vivareal.com.br/imovel/apartamento-3-quartos-boa-viagem-bairros-recife-com-garagem-69m2-venda-RS379000-id-2437862292/,-34.905914,-8.132956,R$ 379.000,,R$ 700,69,3,1,1 suíte,1
https://www.vivareal.com.br/imovel/apartamento-4-quartos-boa-viagem-bairros-recife-com-garagem-165m2-venda-RS880000-id-2445669847/,-8.139549,-34.903039,R$ 880.000,R$ 2.500,R$ 1.100,165,4,4,1 suíte,2
https://www.vivareal.com.br/imovel/apartamento-4-quartos-boa-viagem-bairros-recife-com-garagem-155m2-venda-RS1850000-id-1039627868/,-8.108338,-34.890056,R$ 1.850.000,Não informado,Não informado,155,4,5,4 suítes,3
https://www.vivareal.com.br/imovel/apartamento-3-quartos-boa-viagem-bairros-recife-com-garagem-97m2-venda-RS730000-id-1039502296/,-8.113502,-34.901379,R$ 730.000,R$ 2.300,R$ 450,97,3,3,1 suíte,2
https://www.vivareal.com.br/imovel/apartamento-2-quartos-boa-viagem-bairros-recife-com-garagem-74m2-venda-RS250000-id-2435475973/,-8.115324,-34.89553,R$ 250.000,R$ 120,R$ 450,74,2,2,,1
https://www.vivareal.com.br/imovel/apartamento-4-quartos-boa-viagem-bairros-recife-com-garagem-156m2-venda-RS1100000-id-2429319580/,-8.100434,-34.885911,R$ 1.100.000,Não informado,Não informado,156,4,5,3 suítes,2
https://www.vivareal.com.br/imovel/apartamento-3-quartos-boa-viagem-bairros-recife-com-garagem-94m2-venda-RS250000-id-2445346278/,-8.114043,-34.893108,R$ 250.000,,R$ 550,94,3,2,,1
https://www.vivareal.com.br/imovel/apartamento-2-quartos-boa-viagem-bairros-recife-com-garagem-52m2-venda-RS267750-id-94925666/,-8.122122,-34.902885,R$ 267.750,,R$ 338,52,2,2,,1
https://www.vivareal.com.br/imovel/apartamento-3-quartos-boa-viagem-bairros-recife-com-garagem-110m2-venda-RS380000-id-2437829996/,-8.113721,-34.89884,R$ 380.000,R$ 1.777,R$ 700,110,3,3,1 suíte,1
https://www.vivareal.com.br/imovel/apartamento-2-quartos-boa-viagem-bairros-recife-com-garagem-44m2-venda-RS450000-id-2441027973/,-8.116547,-34.894347,R$ 450.000,Não informado,Não informado,44,2,1,1 suíte,1
https://www.vivareal.com.br/imovel/apartamento-3-quartos-boa-viagem-bairros-recife-com-garagem-92m2-venda-RS530000-id-2431383282/,-8.135123,-34.903577,R$ 530.000,,R$ 900,92,3,3,1 suíte,2
https://www.vivareal.com.br/imovel/apartamento-3-quartos-boa-viagem-bairros-recife-com-garagem-73m2-venda-RS350000-id-2443983071/,-8.109453,-34.906829,R$ 350.000,Não informado,Não informado,73,3,2,1 suíte,1
https://www.vivareal.com.br/imovel/apartamento-4-quartos-boa-viagem-bairros-recife-com-garagem-180m2-venda-RS950000-id-1037368380/,-8.139623,-34.903898,R$ 950.000,R$ 3.700,R$ 1.060,180,4,4,2 suítes,2
https://www.vivareal.com.br/imovel/apartamento-2-quartos-boa-viagem-bairros-recife-com-garagem-48m2-venda-RS269000-id-2432635813/,-8.133874,-34.909775,R$ 269.000,R$ 1.004,R$ 360,48,2,2,1 suíte,1
https://www.vivareal.com.br/imovel/apartamento-3-quartos-boa-viagem-bairros-recife-com-garagem-160m2-venda-RS945000-id-1039023994/,-8.129364,-34.899464,R$ 945.000,R$ 600,R$ 1.020,160,3,4,2 suítes,2
https://www.vivareal.com.br/imovel/apartamento-3-quartos-boa-viagem-bairros-recife-com-garagem-95m2-venda-RS350000-id-1042213540/,-8.124695,-34.900252,R$ 350.000,R$ 1.800,,95,3,2,,4
https://www.vivareal.com.br/imovel/apartamento-4-quartos-boa-viagem-bairros-recife-com-garagem-236m2-venda-RS1680000-id-2443659980/,-8.125779,-34.897469,R$ 1.680.000,,R$ 1.600,236,4,3,1 suíte,2
https://www.vivareal.com.br/imovel/apartamento-3-quartos-boa-viagem-bairros-recife-com-garagem-96m2-venda-RS594000-id-2433861119/,-8.140683,-34.909545,R$ 594.000,,R$ 500,96,3,3,1 suíte,2
https://www.vivareal.com.br/imovel/apartamento-4-quartos-boa-viagem-bairros-recife-com-garagem-170m2-venda-RS1600000-id-1039593884/,-8.137055,-34.902483,R$ 1.600.000,R$ 547,R$ 800,170,4,1,3 suítes,3
https://www.vivareal.com.br/imovel/apartamento-3-quartos-boa-viagem-bairros-recife-com-garagem-81m2-venda-RS310000-id-2429016610/,-8.137478,-34.912307,R$ 310.000,R$ 1.108,R$ 350,81,3,3,1 suíte,2
https://www.vivareal.com.br/imovel/apartamento-5-quartos-boa-viagem-bairros-recife-com-garagem-244m2-venda-RS2700000-id-2446710093/,-8.128491,-34.898432,R$ 2.700.000,Não informado,Não informado,244,5,6,4 suítes,3
https://www.vivareal.com.br/imovel/apartamento-3-quartos-boa-viagem-bairros-recife-com-garagem-81m2-venda-RS300000-id-2429016487/,-8.137478,-34.912307,R$ 300.000,R$ 1.108,R$ 350,81,3,3,1 suíte,1
https://www.vivareal.com.br/imovel/apartamento-4-quartos-boa-viagem-bairros-recife-com-garagem-217m2-venda-RS2800000-id-1039182914/,-8.131379,-34.899744,R$ 2.800.000,R$ 8.040,R$ 1.750,217,4,6,4 suítes,3
https://www.vivareal.com.br/imovel/apartamento-3-quartos-boa-viagem-bairros-recife-com-garagem-99m2-venda-RS635000-id-1040333000/,-8.114722,-34.901409,R$ 635.000,R$ 3.000,R$ 550,99,3,3,1 suíte,2
https://www.vivareal.com.br/imovel/apartamento-3-quartos-boa-viagem-bairros-recife-com-garagem-113m2-venda-RS580000-id-2438531382/,-34.907149,-8.140867,R$ 580.000,,R$ 750,113,3,2,2 suítes,2
https://www.vivareal.com.br/imovel/apartamento-4-quartos-boa-viagem-bairros-recife-com-garagem-124m2-venda-RS789808-id-1042773979/,-8.115883,-34.900302,R$ 789.808,Não informado,Não informado,124,4,2,2 suítes,3
https://www.vivareal.com.br/imovel/apartamento-3-quartos-boa-viagem-bairros-recife-com-garagem-60m2-venda-RS312000-id-2430063286/,-8.139068,-34.908992,R$ 312.000,R$ 1.000,R$ 500,60,3,3,1 suíte,1
https://www.vivareal.com.br/imovel/apartamento-3-quartos-boa-viagem-bairros-recife-com-garagem-155m2-venda-RS1100000-id-2443928335/,-8.13524,-34.902668,R$ 1.100.000,Não informado,Não informado,155,3,4,3 suítes,2
https://www.vivareal.com.br/imovel/apartamento-3-quartos-boa-viagem-bairros-recife-com-garagem-120m2-venda-RS750000-id-1755875478/,-8.146564,-34.906632,R$ 750.000,,R$ 1.200,120,3,3,1 suíte,2
https://www.vivareal.com.br/imovel/apartamento-3-quartos-boa-viagem-bairros-recife-com-garagem-84m2-venda-RS310000-id-2446112001/,-8.140203,-34.908818,R$ 310.000,Não informado,Não informado,84,3,2,1 suíte,1
https://www.vivareal.com.br/imovel/apartamento-3-quartos-boa-viagem-bairros-recife-com-garagem-124m2-venda-RS1230000-id-2443972982/,-8.143199,-34.904504,R$ 1.230.000,R$ 500,R$ 1.700,124,3,4,1 suíte,2
https://www.vivareal.com.br/imovel/apartamento-3-quartos-boa-viagem-bairros-recife-130m2-venda-RS690000-id-2443493884/,-8.111961,-34.890152,R$ 690.000,R$ 220,R$ 800,130,3,3,1 suíte,
https://www.vivareal.com.br/imovel/apartamento-2-quartos-boa-viagem-bairros-recife-com-garagem-72m2-venda-RS455000-id-1039286789/,-8.138637,-34.904632,R$ 455.000,R$ 1.500,R$ 800,72,2,2,1 suíte,1
https://www.vivareal.com.br/imovel/apartamento-2-quartos-boa-viagem-bairros-recife-com-garagem-52m2-venda-RS450000-id-1039231481/,-8.124737,-34.896961,R$ 450.000,R$ 3.000,R$ 800,52,2,1,1 suíte,1
https://www.vivareal.com.br/imovel/apartamento-3-quartos-boa-viagem-bairros-recife-com-garagem-100m2-venda-RS650000-id-83069282/,-8.126445,-34.904015,R$ 650.000,R$ 2.000,R$ 700,100,3,3,1 suíte,2
https://www.vivareal.com.br/imovel/apartamento-2-quartos-boa-viagem-bairros-recife-com-garagem-75m2-venda-RS270000-id-2439659775/,-8.126294,-34.905581,R$ 270.000,,R$ 500,75,2,2,,1
https://www.vivareal.com.br/imovel/apartamento-4-quartos-boa-viagem-bairros-recife-com-garagem-218m2-venda-RS2600000-id-2441229378/,-8.10576,-34.887712,R$ 2.600.000,R$ 7.888,R$ 1.500,218,4,6,4 suítes,3
https://www.vivareal.com.br/imovel/apartamento-4-quartos-boa-viagem-bairros-recife-com-garagem-96m2-venda-RS570000-id-2446112275/,-8.126633,-34.907111,R$ 570.000,Não informado,Não informado,96,4,3,1 suíte,2
https://www.vivareal.com.br/imovel/apartamento-4-quartos-boa-viagem-bairros-recife-com-garagem-155m2-venda-RS950000-id-2430196610/,-8.143451,-34.907475,R$ 950.000,R$ 5.510,R$ 1.335,155,4,5,3 suítes,3
https://www.vivareal.com.br/imovel/apartamento-4-quartos-boa-viagem-bairros-recife-com-garagem-220m2-venda-RS1300000-id-2445109183/,,,R$ 1.300.000,R$ 12.000,R$ 2.400,220,4,5,1 suíte,3
https://www.vivareal.com.br/imovel/apartamento-2-quartos-boa-viagem-bairros-recife-com-garagem-70m2-venda-RS320000-id-2440050531/,-8.124343,-34.907404,R$ 320.000,,R$ 550,70,2,2,1 suíte,1
https://www.vivareal.com.br/imovel/apartamento-3-quartos-boa-viagem-bairros-recife-com-garagem-89m2-venda-RS540000-id-2439624386/,-34.908747,-8.126162,R$ 540.000,,R$ 550,89,3,2,1 suíte,2
https://www.vivareal.com.br/imovel/apartamento-2-quartos-boa-viagem-bairros-recife-com-garagem-49m2-venda-RS280000-id-2445973723/,-8.127347,-34.908123,R$ 280.000,R$ 99,R$ 400,49,2,2,1 suíte,1
https://www.vivareal.com.br/imovel/apartamento-4-quartos-boa-viagem-bairros-recife-com-garagem-240m2-venda-RS900000-id-2437193675/,-8.116143,-34.893404,R$ 900.000,R$ 3.800,R$ 1.250,240,4,3,2 suítes,3
https://www.vivareal.com.br/imovel/apartamento-3-quartos-boa-viagem-bairros-recife-com-garagem-92m2-venda-RS600000-id-2444903541/,-8.124248,-34.907106,R$ 600.000,R$ 243,R$ 680,92,3,1,1 suíte,2
https://www.vivareal.com.br/imovel/apartamento-2-quartos-boa-viagem-bairros-recife-com-garagem-120m2-venda-RS700000-id-2439078121/,-8.113977,-34.891331,R$ 700.000,Não informado,Não informado,120,2,3,1 suíte,1
https://www.vivareal.com.br/imovel/apartamento-1-quartos-boa-viagem-bairros-recife-com-garagem-45m2-venda-RS200000-id-2432902412/,-8.127228,-34.909357,R$ 200.000,,R$ 320,45,1,1,,1
https://www.vivareal.com.br/imovel/apartamento-4-quartos-boa-viagem-bairros-recife-com-garagem-185m2-venda-RS1640000-id-1952125480/,-8.116261,-34.899333,R$ 1.640.000,,R$ 750,185,4,6,4 suítes,2
https://www.vivareal.com.br/imovel/apartamento-2-quartos-boa-viagem-bairros-recife-com-garagem-124m2-venda-RS1300000-id-2444698219/,-8.11456,-34.901748,R$ 1.300.000,R$ 335,R$ 900,124,2,4,2 suítes,2
https://www.vivareal.com.br/imovel/apartamento-2-quartos-boa-viagem-bairros-recife-com-garagem-78m2-venda-RS249000-id-2446963123/,-34.907493,-8.125276,R$ 249.000,,R$ 604,78,2,1,1 suíte,1
https://www.vivareal.com.br/imovel/apartamento-4-quartos-boa-viagem-bairros-recife-com-garagem-145m2-venda-RS850000-id-2432355654/,-8.143803,-34.907601,R$ 850.000,,R$ 1.100,145,4,4,3 suítes,2
https://www.vivareal.com.br/imovel/apartamento-3-quartos-boa-viagem-bairros-recife-com-garagem-102m2-venda-RS750000-id-2429758892/,-8.10679,-34.89084,R$ 750.000,R$ 2.200,R$ 700,102,3,3,1 suíte,2
https://www.vivareal.com.br/imovel/apartamento-4-quartos-boa-viagem-bairros-recife-com-garagem-170m2-venda-RS650000-id-2444899977/,-8.126271,-34.903793,R$ 650.000,Não informado,Não informado,170,4,3,2 suítes,2
https://www.vivareal.com.br/imovel/apartamento-3-quartos-boa-viagem-bairros-recife-com-garagem-110m2-venda-RS550000-id-1038711621/,-8.117799,-34.894586,R$ 550.000,,R$ 1.000,110,3,3,1 suíte,1
https://www.vivareal.com.br/imovel/apartamento-3-quartos-boa-viagem-bairros-recife-com-garagem-89m2-venda-RS350000-id-93054555/,-8.112362,-34.895853,R$ 350.000,R$ 900,R$ 670,89,3,2,1 suíte,1
https://www.vivareal.com.br/imovel/apartamento-2-quartos-boa-viagem-bairros-recife-com-garagem-66m2-venda-RS285000-id-2445326874/,-8.122963,-34.901612,R$ 285.000,R$ 1.410,R$ 765,66,2,1,,1
https://www.vivareal.com.br/imovel/apartamento-3-quartos-boa-viagem-bairros-recife-com-garagem-78m2-venda-RS620000-id-2436448282/,-8.110091,-34.898818,R$ 620.000,R$ 2.200,R$ 580,78,3,3,1 suíte,1
https://www.vivareal.com.br/imovel/apartamento-2-quartos-boa-viagem-bairros-recife-com-garagem-52m2-venda-RS340000-id-2445674379/,-8.10984,-34.892632,R$ 340.000,Não informado,Não informado,52,2,2,1 suíte,1
https://www.vivareal.com.br/imovel/apartamento-4-quartos-boa-viagem-bairros-recife-com-garagem-265m2-venda-RS1400000-id-1644645504/,-8.120861,-34.896562,R$ 1.400.000,Não informado,Não informado,265,4,3,2 suítes,2
https://www.vivareal.com.br/imovel/apartamento-2-quartos-boa-viagem-bairros-recife-com-garagem-100m2-venda-RS260000-id-2438518996/,-8.114337,-34.894518,R$ 260.000,R$ 2.835,R$ 300,100,2,2,,1
https://www.vivareal.com.br/imovel/apartamento-4-quartos-boa-viagem-bairros-recife-com-garagem-297m2-venda-RS1200000-id-2439698640/,-8.126543,-34.897662,R$ 1.200.000,,R$ 2.900,297,4,3,1 suíte,2
https://www.vivareal.com.br/imovel/apartamento-2-quartos-boa-viagem-bairros-recife-com-garagem-59m2-venda-RS379000-id-2439044607/,-8.109442,-34.898188,R$ 379.000,Não informado,Não informado,59,2,2,1 suíte,1
https://www.vivareal.com.br/imovel/apartamento-3-quartos-boa-viagem-bairros-recife-com-garagem-107m2-venda-RS500000-id-2438563093/,-34.907327,-8.122775,R$ 500.000,,R$ 600,107,3,1,1 suíte,2
https://www.vivareal.com.br/imovel/apartamento-3-quartos-boa-viagem-bairros-recife-com-garagem-75m2-venda-RS350000-id-2429955515/,-8.110435,-34.892508,R$ 350.000,,R$ 750,75,3,3,1 suíte,1
https://www.vivareal.com.br/imovel/apartamento-5-quartos-boa-viagem-bairros-recife-com-garagem-236m2-venda-RS2500000-id-2443916490/,-8.126271,-34.903793,R$ 2.500.000,Não informado,Não informado,236,5,5,5 suítes,3
https://www.vivareal.com.br/imovel/apartamento-3-quartos-boa-viagem-bairros-recife-com-garagem-93m2-venda-RS740000-id-2445439279/,-8.108827,-34.893062,R$ 740.000,Não informado,Não informado,93,3,3,1 suíte,3
https://www.vivareal.com.br/imovel/apartamento-1-quartos-boa-viagem-bairros-recife-com-garagem-45m2-venda-RS200000-id-2439608801/,-8.127228,-34.909357,R$ 200.000,,R$ 320,45,1,1,1 suíte,1
https://www.vivareal.com.br/imovel/apartamento-3-quartos-boa-viagem-bairros-recife-com-garagem-95m2-venda-RS448150-id-2436668405/,-8.114153,-34.896663,R$ 448.150,Não informado,Não informado,95,3,3,1 suíte,1
https://www.vivareal.com.br/imovel/apartamento-4-quartos-boa-viagem-bairros-recife-com-garagem-150m2-venda-RS1200000-id-2428903799/,-8.139768,-34.902939,R$ 1.200.000,Não informado,Não informado,150,4,5,3 suítes,3
https://www.vivareal.com.br/imovel/apartamento-3-quartos-boa-viagem-bairros-recife-com-garagem-145m2-venda-RS450000-id-2444926609/,-8.117776,-34.898665,R$ 450.000,,R$ 700,145,3,3,1 suíte,2
https://www.vivareal.com.br/imovel/apartamento-4-quartos-boa-viagem-bairros-recife-com-garagem-125m2-venda-RS850000-id-2436268010/,-8.11456,-34.901748,R$ 850.000,Não informado,Não informado,125,4,4,2 suítes,2
https://www.vivareal.com.br/imovel/apartamento-4-quartos-boa-viagem-bairros-recife-com-garagem-234m2-venda-RS1690000-id-2430944690/,-8.125067,-34.897719,R$ 1.690.000,R$ 6.900,R$ 1.600,234,4,3,1 suíte,2
https://www.vivareal.com.br/imovel/apartamento-4-quartos-boa-viagem-bairros-recife-com-garagem-135m2-venda-RS870000-id-2446450443/,-8.116097,-34.903663,R$ 870.000,Não informado,Não informado,135,4,1,2 suítes,2
https://www.vivareal.com.br/imovel/apartamento-3-quartos-boa-viagem-bairros-recife-com-garagem-132m2-venda-RS385000-id-1042177739/,-8.140804,-34.908045,R$ 385.000,,R$ 350,132,3,1,1 suíte,2
https://www.vivareal.com.br/imovel/apartamento-3-quartos-boa-viagem-bairros-recife-com-garagem-75m2-venda-RS440000-id-2445973815/,-8.110301,-34.893108,R$ 440.000,,R$ 750,75,3,2,1 suíte,1
https://www.vivareal.com.br/imovel/apartamento-2-quartos-boa-viagem-bairros-recife-com-garagem-47m2-venda-RS295000-id-2438662090/,-8.110571,-34.896252,R$ 295.000,Não informado,Não informado,47,2,1,1 suíte,1
https://www.vivareal.com.br/imovel/apartamento-3-quartos-boa-viagem-bairros-recife-com-garagem-110m2-venda-RS450000-id-2437193383/,-8.138053,-34.906638,R$ 450.000,R$ 2.800,R$ 850,110,3,2,1 suíte,1
https://www.vivareal.com.br/imovel/apartamento-3-quartos-boa-viagem-bairros-recife-com-garagem-107m2-venda-RS500000-id-94713757/,-8.126818,-34.903241,R$ 500.000,,R$ 720,107,3,3,1 suíte,2
https://www.vivareal.com.br/imovel/apartamento-3-quartos-boa-viagem-bairros-recife-com-garagem-95m2-venda-RS450400-id-2436668291/,-8.114153,-34.896663,R$ 450.400,Não informado,Não informado,95,3,3,1 suíte,1
https://www.vivareal.com.br/imovel/apartamento-4-quartos-boa-viagem-bairros-recife-com-garagem-164m2-venda-RS1250000-id-1041187298/,-8.1205,-34.898148,R$ 1.250.000,R$ 5.500,R$ 950,164,4,5,4 suítes,3
https://www.vivareal.com.br/imovel/apartamento-2-quartos-boa-viagem-bairros-recife-com-garagem-75m2-venda-RS265000-id-2446111991/,-8.130362,-34.904439,R$ 265.000,Não informado,Não informado,75,2,1,,1
https://www.vivareal.com.br/imovel/apartamento-2-quartos-boa-viagem-bairros-recife-com-garagem-50m2-venda-RS360000-id-1762715481/,-8.110255,-34.896208,R$ 360.000,R$ 1.980,R$ 450,50,2,2,1 suíte,1
https://www.vivareal.com.br/imovel/apartamento-3-quartos-boa-viagem-bairros-recife-com-garagem-65m2-venda-RS349000-id-2438649610/,-8.133448,-34.908887,R$ 349.000,,R$ 450,65,3,1,1 suíte,1
https://www.vivareal.com.br/imovel/apartamento-3-quartos-boa-viagem-bairros-recife-com-garagem-155m2-venda-RS1100000-id-2436438429/,-8.145184,-34.907671,R$ 1.100.000,R$ 3.500,R$ 840,155,3,4,2 suítes,3
https://www.vivareal.com.br/imovel/apartamento-3-quartos-boa-viagem-bairros-recife-com-garagem-95m2-venda-RS750000-id-1038977798/,-8.141035,-34.904701,R$ 750.000,R$ 2.000,R$ 800,95,3,3,1 suíte,2
https://www.vivareal.com.br/imovel/apartamento-3-quartos-boa-viagem-bairros-recife-com-garagem-105m2-venda-RS650000-id-2444981217/,-8.144744,-34.907369,R$ 650.000,Não informado,Não informado,105,3,3,1 suíte,2
https://www.vivareal.com.br/imovel/apartamento-2-quartos-boa-viagem-bairros-recife-com-garagem-50m2-venda-RS310000-id-2170205474/,-8.10836,-34.897414,R$ 310.000,Não informado,Não informado,50,2,2,1 suíte,1
https://www.vivareal.com.br/imovel/apartamento-3-quartos-boa-viagem-bairros-recife-com-garagem-63m2-venda-RS420000-id-2438919401/,-8.130663,-34.905639,R$ 420.000,R$ 1.100,R$ 440,63,3,1,1 suíte,1
https://www.vivareal.com.br/imovel/apartamento-4-quartos-boa-viagem-bairros-recife-com-garagem-427m2-venda-RS3000000-id-2442690979/,-8.127772,-34.898406,R$ 3.000.000,R$ 120.186,R$ 2.800,427,4,5,4 suítes,4
https://www.vivareal.com.br/imovel/apartamento-2-quartos-boa-viagem-bairros-recife-55m2-venda-RS175000-id-1942465479/,-8.110168,-34.89276,R$ 175.000,,R$ 250,55,2,2,,
https://www.vivareal.com.br/imovel/apartamento-4-quartos-boa-viagem-bairros-recife-com-garagem-165m2-venda-RS1200000-id-1041187472/,-8.110576,-34.894161,R$ 1.200.000,R$ 3.000,R$ 1.000,165,4,3,2 suítes,2
https://www.vivareal.com.br/imovel/apartamento-4-quartos-boa-viagem-bairros-recife-com-garagem-152m2-venda-RS1248000-id-2439047778/,-8.100293,-34.885823,R$ 1.248.000,Não informado,Não informado,152,4,5,3 suítes,2
https://www.vivareal.com.br/imovel/apartamento-3-quartos-boa-viagem-bairros-recife-com-garagem-94m2-venda-RS239000-id-2446709987/,-8.125072,-34.900199,R$ 239.000,R$ 900,R$ 600,94,3,2,,1
https://www.vivareal.com.br/imovel/apartamento-4-quartos-boa-viagem-bairros-recife-com-garagem-186m2-venda-RS1350000-id-2443964379/,-8.116937,-34.89949,R$ 1.350.000,R$ 3.500,R$ 900,186,4,6,4 suítes,3
https://www.vivareal.com.br/imovel/apartamento-3-quartos-boa-viagem-bairros-recife-com-garagem-109m2-venda-RS370000-id-93508674/,-8.115728,-34.898923,R$ 370.000,Não informado,Não informado,109,3,3,1 suíte,1
https://www.vivareal.com.br/imovel/apartamento-3-quartos-boa-viagem-bairros-recife-com-garagem-95m2-venda-RS600000-id-2447064524/,-8.140683,-34.909545,R$ 600.000,R$ 2.000,R$ 450,95,3,3,1 suíte,2
https://www.vivareal.com.br/imovel/apartamento-3-quartos-boa-viagem-bairros-recife-com-garagem-110m2-venda-RS310000-id-2436643880/,-8.12515,-34.904833,R$ 310.000,R$ 150,R$ 775,110,3,2,1 suíte,1
https://www.vivareal.com.br/imovel/apartamento-2-quartos-boa-viagem-bairros-recife-com-garagem-97m2-venda-RS425000-id-2438404376/,-8.140455,-34.907893,R$ 425.000,,R$ 590,97,2,2,,1
https://www.vivareal.com.br/imovel/apartamento-3-quartos-boa-viagem-bairros-recife-com-garagem-93m2-venda-RS565000-id-2094235474/,-8.140683,-34.909545,R$ 565.000,,R$ 500,93,3,3,1 suíte,2
https://www.vivareal.com.br/imovel/apartamento-3-quartos-boa-viagem-bairros-recife-com-garagem-96m2-venda-RS535000-id-2442258682/,-8.140972,-34.909127,R$ 535.000,R$ 1.000,R$ 465,96,3,1,1 suíte,2
https://www.vivareal.com.br/imovel/apartamento-4-quartos-boa-viagem-bairros-recife-com-garagem-125m2-venda-RS935000-id-2445994278/,-8.119515,-34.896602,R$ 935.000,Não informado,Não informado,125,4,4,2 suítes,2
https://www.vivareal.com.br/imovel/apartamento-4-quartos-boa-viagem-bairros-recife-com-garagem-185m2-venda-RS1200000-id-2443948805/,-8.116261,-34.899047,R$ 1.200.000,Não informado,Não informado,185,4,4,4 suítes,2
https://www.vivareal.com.br/imovel/apartamento-3-quartos-boa-viagem-bairros-recife-com-garagem-120m2-venda-RS440000-id-2444171295/,-34.900745,-8.123144,R$ 440.000,Não informado,Não informado,120,3,3,2 suítes,1
https://www.vivareal.com.br/imovel/apartamento-3-quartos-boa-viagem-bairros-recife-com-garagem-47m2-venda-RS357000-id-1040597042/,-8.13359,-34.909182,R$ 357.000,,R$ 400,47,3,2,1 suíte,1
https://www.vivareal.com.br/imovel/apartamento-2-quartos-boa-viagem-bairros-recife-com-garagem-56m2-venda-RS440000-id-1040285163/,-8.107892,-34.888366,R$ 440.000,Não informado,Não informado,56,2,2,1 suíte,1
https://www.vivareal.com.br/imovel/apartamento-3-quartos-boa-viagem-bairros-recife-com-garagem-73m2-venda-RS320000-id-2444440986/,-8.125013,-34.904338,R$ 320.000,R$ 1.023,R$ 560,73,3,3,,1
https://www.vivareal.com.br/imovel/apartamento-3-quartos-boa-viagem-bairros-recife-165m2-venda-RS270000-id-2441228781/,-8.133977,-34.90565,R$ 270.000,R$ 130,R$ 830,165,3,1,2 suítes,
https://www.vivareal.com.br/imovel/apartamento-3-quartos-boa-viagem-bairros-recife-com-garagem-156m2-venda-RS350000-id-2437220785/,-8.13041,-34.899887,R$ 350.000,R$ 1.416,R$ 1.288,156,3,2,1 suíte,1
https://www.vivareal.com.br/imovel/apartamento-2-quartos-boa-viagem-bairros-recife-com-garagem-70m2-venda-RS230000-id-2446826933/,-8.119802,-34.910449,R$ 230.000,R$ 1,R$ 225,70,2,1,1 suíte,1
https://www.vivareal.com.br/imovel/apartamento-2-quartos-boa-viagem-bairros-recife-com-garagem-107m2-venda-RS590000-id-2446112179/,-8.126764,-34.903424,R$ 590.000,Não informado,Não informado,107,2,3,1 suíte,2
https://www.vivareal.com.br/imovel/apartamento-3-quartos-boa-viagem-bairros-recife-com-garagem-122m2-venda-RS490000-id-85724430/,-8.140953,-34.908107,R$ 490.000,Não informado,Não informado,122,3,3,1 suíte,1
https://www.vivareal.com.br/imovel/apartamento-3-quartos-boa-viagem-bairros-recife-com-garagem-86m2-venda-RS712000-id-1040595773/,-8.110679,-34.896579,R$ 712.000,,R$ 500,86,3,3,1 suíte,2
https://www.vivareal.com.br/imovel/apartamento-3-quartos-boa-viagem-bairros-recife-com-garagem-102m2-venda-RS420000-id-2436671074/,-8.125747,-34.906901,R$ 420.000,R$ 1.100,R$ 600,102,3,3,1 suíte,1
https://www.vivareal.com.br/imovel/apartamento-4-quartos-boa-viagem-bairros-recife-com-garagem-147m2-venda-RS1323000-id-2445789696/,-8.10305,-34.886964,R$ 1.323.000,Não informado,Não informado,147,4,5,3 suítes,2
https://www.vivareal.com.br/imovel/apartamento-4-quartos-boa-viagem-bairros-recife-com-garagem-163m2-venda-RS1155000-id-1994585475/,-34.892062,-8.109474,R$ 1.155.000,R$ 3.900,R$ 805,163,4,5,3 suítes,3
https://www.vivareal.com.br/imovel/apartamento-4-quartos-boa-viagem-bairros-recife-com-garagem-160m2-venda-RS980000-id-2439416533/,-8.112823,-34.893343,R$ 980.000,R$ 4.000,R$ 1.350,160,4,4,2 suítes,3
https://www.vivareal.com.br/imoveis-lancamento/residencial-paulista-1039714599/,-7.94428,-34.86784,R$ 136.767,,,40,2,1,,1
https://www.vivareal.com.br/imovel/apartamento-3-quartos-boa-viagem-bairros-recife-com-garagem-81m2-venda-RS630000-id-2445439150/,-8.112923,-34.901114,R$ 630.000,Não informado,Não informado,81,3,3,1 suíte,2
https://www.vivareal.com.br/imovel/apartamento-4-quartos-boa-viagem-bairros-recife-com-garagem-142m2-venda-RS980000-id-2436435040/,-8.145097,-34.906098,R$ 980.000,R$ 3.000,R$ 1.000,142,4,4,2 suítes,2
https://www.vivareal.com.br/imovel/apartamento-3-quartos-boa-viagem-bairros-recife-com-garagem-136m2-venda-RS760000-id-2428048174/,-8.117808,-34.893909,R$ 760.000,R$ 354,R$ 1.111,136,3,3,1 suíte,1
https://www.vivareal.com.br/imovel/apartamento-2-quartos-boa-viagem-bairros-recife-com-garagem-60m2-venda-RS390000-id-2437933677/,-8.126271,-34.903793,R$ 390.000,,R$ 550,60,2,1,1 suíte,1
https://www.vivareal.com.br/imovel/apartamento-3-quartos-boa-viagem-bairros-recife-com-garagem-98m2-venda-RS590000-id-2441501686/,-8.120147,-34.899576,R$ 590.000,Não informado,Não informado,98,3,3,1 suíte,2
https://www.vivareal.com.br/imoveis-lancamento/parque-real-garden-9962/,-8.026368,-35.0013,R$ 141.717,,,42,2,1,,1
https://www.vivareal.com.br/imovel/apartamento-3-quartos-boa-viagem-bairros-recife-com-garagem-63m2-venda-RS370000-id-2447007393/,-8.13341,-34.908808,R$ 370.000,Não informado,Não informado,63,3,3,1 suíte,1
https://www.vivareal.com.br/imovel/apartamento-4-quartos-boa-viagem-bairros-recife-com-garagem-260m2-venda-RS2500000-id-2445715352/,-8.128986,-34.898632,R$ 2.500.000,Não informado,Não informado,260,4,6,4 suítes,3
https://www.vivareal.com.br/imovel/apartamento-4-quartos-boa-viagem-bairros-recife-180m2-venda-RS1950000-id-2441239881/,-8.104995,-34.887467,R$ 1.950.000,R$ 600,R$ 2.000,180,4,5,2 suítes,
https://www.vivareal.com.br/imovel/apartamento-2-quartos-boa-viagem-bairros-recife-com-garagem-68m2-venda-RS390000-id-2442367219/,-8.108156,-34.893136,R$ 390.000,,R$ 465,68,2,2,1 suíte,1
https://www.vivareal.com.br/imovel/apartamento-2-quartos-boa-viagem-bairros-recife-com-garagem-103m2-venda-RS850000-id-1039211470/,-8.115243,-34.893343,R$ 850.000,R$ 2.766,R$ 699,103,2,3,2 suítes,2
https://www.vivareal.com.br/imovel/apartamento-2-quartos-boa-viagem-bairros-recife-com-garagem-82m2-venda-RS360000-id-1042134415/,-34.908463,-8.124539,R$ 360.000,Não informado,Não informado,82,2,2,1 suíte,1
https://www.vivareal.com.br/imoveis-lancamento/edf-villarreal-2435841376/,-8.015949,-34.943856,R$ 319.000,,,61,3,2,1 suíte,1
https://www.vivareal.com.br/imovel/apartamento-2-quartos-boa-viagem-bairros-recife-com-garagem-55m2-venda-RS310000-id-2438902676/,-8.130906,-34.909954,R$ 310.000,,R$ 505,55,2,2,1 suíte,1
https://www.vivareal.com.br/imovel/apartamento-3-quartos-boa-viagem-bairros-recife-com-garagem-73m2-venda-RS370000-id-2441584977/,-34.907106,-8.143173,R$ 370.000,R$ 126,R$ 600,73,3,1,1 suíte,1
https://www.vivareal.com.br/imovel/apartamento-3-quartos-boa-viagem-bairros-recife-com-garagem-180m2-venda-RS2600000-id-2440942900/,-8.113703,-34.891219,R$ 2.600.000,Não informado,Não informado,180,3,1,3 suítes,3
https://www.vivareal.com.br/imovel/apartamento-3-quartos-boa-viagem-bairros-recife-com-garagem-73m2-venda-RS360000-id-2440035381/,-8.14183,-34.906452,R$ 360.000,,R$ 600,73,3,2,1 suíte,1
https://www.vivareal.com.br/imovel/apartamento-3-quartos-boa-viagem-bairros-recife-com-garagem-109m2-venda-RS590000-id-1212405479/,-8.125518,-34.903362,R$ 590.000,R$ 2.500,R$ 805,109,3,3,1 suíte,2
https://www.vivareal.com.br/imoveis-lancamento/ed-diplomata-5861/,-8.02734,-34.916324,R$ 310.000,,,49,2,2,1 suíte,1
https://www.vivareal.com.br/imovel/apartamento-2-quartos-boa-viagem-bairros-recife-com-garagem-80m2-venda-RS300000-id-2431945355/,-8.127117,-34.90237,R$ 300.000,R$ 820,R$ 750,80,2,1,1 suíte,1
https://www.vivareal.com.br/imovel/apartamento-2-quartos-boa-viagem-bairros-recife-com-garagem-56m2-venda-RS570000-id-1040551228/,-8.114017,-34.898879,R$ 570.000,,R$ 400,56,2,2,1 suíte,1
https://www.vivareal.com.br/imovel/apartamento-3-quartos-boa-viagem-bairros-recife-com-garagem-144m2-venda-RS490000-id-2432672391/,-8.126726,-34.902458,R$ 490.000,R$ 240,R$ 1.000,144,3,4,1 suíte,2
https://www.vivareal.com.br/imovel/apartamento-3-quartos-boa-viagem-bairros-recife-com-garagem-69m2-venda-RS350000-id-2439047877/,-8.137974,-34.909351,R$ 350.000,Não informado,Não informado,69,3,3,1 suíte,1
https://www.vivareal.com.br/imovel/apartamento-3-quartos-boa-viagem-bairros-recife-com-garagem-160m2-venda-RS730000-id-1041470740/,-8.139463,-34.909169,R$ 730.000,R$ 2.500,R$ 1.500,160,3,3,1 suíte,2
https://www.vivareal.com.br/imovel/apartamento-4-quartos-boa-viagem-bairros-recife-com-garagem-235m2-venda-RS2900000-id-2436547379/,-8.13173,-34.902409,R$ 2.900.000,,R$ 1.300,235,4,6,4 suítes,4
https://www.vivareal.com.br/imoveis-lancamento/morada-antonio-de-castro-7033/,-8.027896,-34.915849,R$ 310.000,,,58,2,2,1 suíte,1
https://www.vivareal.com.br/imovel/apartamento-3-quartos-boa-viagem-bairros-recife-com-garagem-96m2-venda-RS370000-id-72429149/,-8.128095,-34.906855,R$ 370.000,R$ 1.390,R$ 940,96,3,2,1 suíte,1
https://www.vivareal.com.br/imovel/apartamento-3-quartos-boa-viagem-bairros-recife-com-garagem-126m2-venda-RS495000-id-2443823176/,-8.121334,-34.901634,R$ 495.000,R$ 3.048,R$ 976,126,3,3,1 suíte,2
https://www.vivareal.com.br/imovel/apartamento-3-quartos-boa-viagem-bairros-recife-com-garagem-93m2-venda-RS820200-id-2445766284/,-8.108827,-34.893062,R$ 820.200,Não informado,Não informado,93,3,3,1 suíte,2
https://www.vivareal.com.br/imovel/apartamento-2-quartos-boa-viagem-bairros-recife-com-garagem-51m2-venda-RS340000-id-1040751717/,-8.123048,-34.903348,R$ 340.000,,R$ 400,51,2,2,1 suíte,1
https://www.vivareal.com.br/imovel/apartamento-3-quartos-boa-viagem-bairros-recife-com-garagem-97m2-venda-RS890000-id-1040553532/,-8.114811,-34.901614,R$ 890.000,,R$ 500,97,3,3,1 suíte,2
https://www.vivareal.com.br/imovel/apartamento-2-quartos-boa-viagem-bairros-recife-com-garagem-50m2-venda-RS360000-id-1039600676/,-8.119691,-34.895561,R$ 360.000,Não informado,Não informado,50,2,1,,1
https://www.vivareal.com.br/imoveis-lancamento/jardins-tamarineira-2434317478/,-8.028646,-34.907147,R$ 290.000,,,47,2,1,1 suíte,1
https://www.vivareal.com.br/imovel/apartamento-3-quartos-boa-viagem-bairros-recife-com-garagem-110m2-venda-RS390000-id-2445715086/,-8.114444,-34.90024,R$ 390.000,Não informado,Não informado,110,3,3,1 suíte,1
https://www.vivareal.com.br/imovel/apartamento-4-quartos-boa-viagem-bairros-recife-com-garagem-460m2-venda-RS4300000-id-1039182217/,-8.112154,-34.890286,R$ 4.300.000,R$ 15.167,R$ 4.300,460,4,1,4 suítes,5
https://www.vivareal.com.br/imovel/apartamento-3-quartos-boa-viagem-bairros-recife-com-garagem-82m2-venda-RS490000-id-2446867177/,-8.108156,-34.893136,R$ 490.000,Não informado,Não informado,82,3,3,1 suíte,2
https://www.vivareal.com.br/imovel/apartamento-3-quartos-boa-viagem-bairros-recife-com-garagem-115m2-venda-RS570000-id-2444166780/,-8.128754,-34.906523,R$ 570.000,,R$ 750,115,3,1,1 suíte,1
https://www.vivareal.com.br/imovel/apartamento-2-quartos-boa-viagem-bairros-recife-com-garagem-50m2-venda-RS315000-id-1040932647/,-8.139186,-34.906012,R$ 315.000,R$ 1.040,R$ 590,50,2,2,1 suíte,1
https://www.vivareal.com.br/imoveis-lancamento/praca-da-sequoias-2435830820/,-8.036461,-34.935373,R$ 220.000,,,42,2,1,1 suíte,1
https://www.vivareal.com.br/imovel/apartamento-3-quartos-boa-viagem-bairros-recife-com-garagem-108m2-venda-RS530000-id-1697665480/,-8.117953,-34.896618,R$ 530.000,R$ 300,R$ 750,108,3,1,1 suíte,2
https://www.vivareal.com.br/imovel/apartamento-4-quartos-boa-viagem-bairros-recife-com-garagem-280m2-venda-RS2600000-id-2443300781/,-8.140397,-34.90313,R$ 2.600.000,R$ 1,R$ 2.500,280,4,6,4 suítes,3
https://www.vivareal.com.br/imovel/apartamento-3-quartos-boa-viagem-bairros-recife-com-garagem-91m2-venda-RS300000-id-2445973724/,-8.109376,-34.896101,R$ 300.000,,R$ 750,91,3,3,1 suíte,1
https://www.vivareal.com.br/imovel/apartamento-3-quartos-boa-viagem-bairros-recife-com-garagem-136m2-venda-RS499000-id-2442261087/,-8.107593,-34.891537,R$ 499.000,R$ 1.000,R$ 790,136,3,1,1 suíte,2
https://www.vivareal.com.br/imovel/apartamento-4-quartos-boa-viagem-bairros-recife-com-garagem-183m2-venda-RS1730000-id-2443567100/,-8.111338,-34.891339,R$ 1.730.000,R$ 785,R$ 1.440,183,4,6,5 suítes,3
https://www.vivareal.com.br/imovel/apartamento-4-quartos-boa-viagem-bairros-recife-com-garagem-214m2-venda-RS900000-id-2443913877/,-8.119069,-34.89532,R$ 900.000,Não informado,Não informado,214,4,4,3 suítes,3
https://www.vivareal.com.br/imoveis-lancamento/edf-village-cidade-das-palmeiras-2438394194/,-8.0405,-34.945457,R$ 279.000,,,54,2,2,1 suíte,1
https://www.vivareal.com.br/imovel/apartamento-4-quartos-boa-viagem-bairros-recife-com-garagem-240m2-venda-RS1500000-id-2441911021/,-8.150673,-34.908557,R$ 1.500.000,R$ 4.500,R$ 1.450,240,4,3,1 suíte,2
https://www.vivareal.com.br/imovel/apartamento-2-quartos-boa-viagem-bairros-recife-com-garagem-47m2-venda-RS270000-id-2445767907/,-8.133961,-34.910383,R$ 270.000,,R$ 360,47,2,2,1 suíte,1
https://www.vivareal.com.br/imovel/apartamento-2-quartos-boa-viagem-bairros-recife-com-garagem-47m2-venda-RS357000-id-1041067010/,-8.133892,-34.909813,R$ 357.000,,R$ 300,47,2,2,1 suíte,1
https://www.vivareal.com.br/imovel/apartamento-3-quartos-boa-viagem-bairros-recife-com-garagem-81m2-venda-RS549000-id-2445433736/,-8.106539,-34.891939,R$ 549.000,Não informado,Não informado,81,3,1,1 suíte,2
https://www.vivareal.com.br/imovel/apartamento-2-quartos-boa-viagem-bairros-recife-com-garagem-83m2-venda-RS490000-id-1361615478/,-8.130087,-34.906507,R$ 490.000,R$ 1.400,R$ 600,83,2,3,1 suíte,2
https://www.vivareal.com.br/imovel/apartamento-3-quartos-boa-viagem-bairros-recife-com-garagem-84m2-venda-RS680000-id-2444045189/,-8.115011,-34.898948,R$ 680.000,R$ 2.598,R$ 490,84,3,2,1 suíte,2
https://www.vivareal.com.br/imoveis-lancamento/edf-praca-das-nogueiras-9844/,-8.040809,-34.944128,R$ 292.000,,,62,3,2,1 suíte,1
https://www.vivareal.com.br/imovel/apartamento-3-quartos-boa-viagem-bairros-recife-com-garagem-82m2-venda-RS450000-id-2441720004/,-8.106467,-34.89215,R$ 450.000,,R$ 650,82,3,3,1 suíte,2
https://www.vivareal.com.br/imovel/apartamento-3-quartos-boa-viagem-bairros-recife-com-garagem-151m2-venda-RS498000-id-91359985/,-8.12323,-34.897359,R$ 498.000,R$ 4.211,R$ 1.200,151,3,2,1 suíte,2
https://www.vivareal.com.br/imovel/apartamento-4-quartos-boa-viagem-bairros-recife-com-garagem-136m2-venda-RS750000-id-94168383/,-8.12719,-34.903849,R$ 750.000,,R$ 890,136,4,,,2
https://www.vivareal.com.br/imovel/apartamento-4-quartos-boa-viagem-bairros-recife-com-garagem-175m2-venda-RS1480000-id-2446112180/,-8.111453,-34.896467,R$ 1.480.000,Não informado,Não informado,175,4,5,4 suítes,3
https://www.vivareal.com.br/imovel/apartamento-3-quartos-boa-viagem-bairros-recife-com-garagem-108m2-venda-RS760000-id-2443956879/,-8.142477,-34.908107,R$ 760.000,,R$ 790,108,3,3,1 suíte,2
https://www.vivareal.com.br/imoveis-lancamento/aurelino-melo-2444037073/,-8.039272,-34.883698,R$ 399.000,,,63,3,1,1 suíte,1
https://www.vivareal.com.br/imovel/apartamento-4-quartos-boa-viagem-bairros-recife-com-garagem-401m2-venda-RS5000000-id-95260486/,-8.132863,-34.900505,R$ 5.000.000,R$ 14.302,R$ 3.150,401,4,5,4 suítes,5
https://www.vivareal.com.br/imovel/apartamento-4-quartos-boa-viagem-bairros-recife-com-garagem-185m2-venda-RS1263234-id-2445562975/,-8.116261,-34.899047,R$ 1.263.234,Não informado,Não informado,185,4,6,4 suítes,2
https://www.vivareal.com.br/imovel/apartamento-3-quartos-boa-viagem-bairros-recife-com-garagem-108m2-venda-RS370000-id-68353994/,-8.115728,-34.898923,R$ 370.000,R$ 1.661,R$ 850,108,3,2,1 suíte,1
https://www.vivareal.com.br/imovel/apartamento-3-quartos-boa-viagem-bairros-recife-com-garagem-64m2-venda-RS450000-id-2446396274/,-8.111992,-34.89971,R$ 450.000,R$ 1.200,R$ 400,64,3,2,1 suíte,1
https://www.vivareal.com.br/imovel/apartamento-3-quartos-boa-viagem-bairros-recife-com-garagem-107m2-venda-RS320000-id-1884515477/,-8.116762,-34.899338,R$ 320.000,R$ 1.277,R$ 700,107,3,3,1 suíte,1
https://www.vivareal.com.br/imoveis-lancamento/reserva-villa-natal-seringueiras-10903/,-8.108584,-34.992779,R$ 135.389,,,43,2,1,,1
https://www.vivareal.com.br/imovel/apartamento-3-quartos-boa-viagem-bairros-recife-com-garagem-84m2-venda-RS750000-id-2445792594/,-8.115011,-34.898948,R$ 750.000,Não informado,Não informado,84,3,2,1 suíte,2
https://www.vivareal.com.br/imovel/apartamento-3-quartos-boa-viagem-bairros-recife-com-garagem-110m2-venda-RS410000-id-2429323291/,-8.115954,-34.897245,R$ 410.000,R$ 2.230,R$ 850,110,3,3,1 suíte,1
https://www.vivareal.com.br/imovel/apartamento-2-quartos-boa-viagem-bairros-recife-com-garagem-57m2-venda-RS299000-id-2327975473/,-8.13069,-34.90984,R$ 299.000,,R$ 500,57,2,2,1 suíte,1
https://www.vivareal.com.br/imovel/apartamento-2-quartos-boa-viagem-bairros-recife-com-garagem-60m2-venda-RS350000-id-2444204820/,-8.126645,-34.906249,R$ 350.000,R$ 2.000,R$ 550,60,2,3,1 suíte,1
https://www.vivareal.com.br/imoveis-lancamento/praca-da-magnolias-2435832088/,-8.048752,-34.928204,R$ 295.000,,,60,3,1,1 suíte,1
https://www.vivareal.com.br/imovel/apartamento-4-quartos-boa-viagem-bairros-recife-com-garagem-187m2-venda-RS800000-id-94165084/,-8.120644,-34.896192,R$ 800.000,,R$ 850,187,4,,,2
https://www.vivareal.com.br/imovel/apartamento-4-quartos-boa-viagem-bairros-recife-com-garagem-136m2-venda-RS775000-id-2445896725/,-8.108993,-34.896935,R$ 775.000,Não informado,Não informado,136,4,4,2 suítes,2
https://www.vivareal.com.br/imovel/apartamento-3-quartos-boa-viagem-bairros-recife-com-garagem-118m2-venda-RS440000-id-2443903105/,-8.133103,-34.904853,R$ 440.000,R$ 1.300,R$ 777,118,3,3,1 suíte,1
https://www.vivareal.com.br/imovel/apartamento-3-quartos-boa-viagem-bairros-recife-com-garagem-111m2-venda-RS700000-id-2446116885/,-8.119629,-34.898599,R$ 700.000,,R$ 900,111,3,4,2 suítes,2
https://www.vivareal.com.br/imovel/apartamento-4-quartos-boa-viagem-bairros-recife-com-garagem-150m2-venda-RS879000-id-2445802677/,-8.13524,-34.902668,R$ 879.000,,R$ 1.230,150,4,4,3 suítes,2
https://www.vivareal.com.br/imoveis-lancamento/villa-santorini-4574/,-8.052629,-34.910596,R$ 520.000,,,84,3,2,1 suíte,2
https://www.vivareal.com.br/imovel/apartamento-3-quartos-boa-viagem-bairros-recife-com-garagem-148m2-venda-RS750000-id-2444568575/,-8.126543,-34.897662,R$ 750.000,,R$ 650,148,3,1,1 suíte,1
https://www.vivareal.com.br/imovel/apartamento-3-quartos-boa-viagem-bairros-recife-com-garagem-118m2-venda-RS420000-id-2443809076/,-8.133103,-34.904853,R$ 420.000,R$ 1.302,R$ 777,118,3,3,1 suíte,1
https://www.vivareal.com.br/imovel/apartamento-2-quartos-boa-viagem-bairros-recife-com-garagem-82m2-venda-RS420000-id-2445712798/,-8.145048,-34.90714,R$ 420.000,R$ 2.500,R$ 650,82,2,3,1 suíte,1
https://www.vivareal.com.br/imovel/apartamento-4-quartos-boa-viagem-bairros-recife-com-garagem-156m2-venda-RS950000-id-2446130482/,-8.111277,-34.897938,R$ 950.000,,R$ 800,156,4,2,3 suítes,2
https://www.vivareal.com.br/imovel/apartamento-2-quartos-boa-viagem-bairros-recife-com-garagem-57m2-venda-RS360000-id-2445680376/,-8.109175,-34.897957,R$ 360.000,R$ 300,R$ 650,57,2,2,1 suíte,1
https://www.vivareal.com.br/imovel/apartamento-2-quartos-boa-viagem-bairros-recife-com-garagem-77m2-venda-RS360000-id-1039733787/,-8.116408,-34.897358,R$ 360.000,R$ 1.400,R$ 950,77,2,3,1 suíte,1
https://www.vivareal.com.br/imoveis-lancamento/parque-recanto-das-garcas-1041393418/,-8.18838,-34.934248,R$ 150.898,,,40,2,1,,1
https://www.vivareal.com.br/imovel/apartamento-3-quartos-boa-viagem-bairros-recife-com-garagem-110m2-venda-RS230000-id-2446111994/,-8.131507,-34.911896,R$ 230.000,,R$ 120,110,3,2,,1
https://www.vivareal.com.br/imovel/apartamento-3-quartos-boa-viagem-bairros-recife-com-garagem-119m2-venda-RS750000-id-2443467319/,-8.114849,-34.89194,R$ 750.000,R$ 2.440,R$ 1.150,119,3,2,1 suíte,1
https://www.vivareal.com.br/imovel/apartamento-3-quartos-boa-viagem-bairros-recife-com-garagem-65m2-venda-RS342000-id-2445781981/,-34.906852,-8.124635,R$ 342.000,R$ 1.159,R$ 550,65,3,2,2 suítes,2
https://www.vivareal.com.br/imovel/apartamento-2-quartos-boa-viagem-bairros-recife-com-garagem-53m2-venda-RS430000-id-2445773479/,-8.11168,-34.895993,R$ 430.000,R$ 116,R$ 500,53,2,2,1 suíte,1
https://www.vivareal.com.br/imovel/apartamento-3-quartos-boa-viagem-bairros-recife-com-garagem-59m2-venda-RS385000-id-2446823924/,-8.109175,-34.897957,R$ 385.000,Não informado,Não informado,59,3,3,1 suíte,1
https://www.vivareal.com.br/imovel/apartamento-2-quartos-boa-viagem-bairros-recife-com-garagem-52m2-venda-RS270000-id-2445782886/,-8.135739,-34.908213,R$ 270.000,,R$ 380,52,2,2,1 suíte,1
https://www.vivareal.com.br/imoveis-lancamento/edificio-costa-rica-2446630675/,-8.189428,-34.930386,R$ 449.000,,,95,3,1,1 suíte,2
